driverId,week,hours-logged,miles-logged
29,44,65,2800
50,14,77,3300
37,31,60,1300
86,47,66,1500
88,13,56,1000
43,16,78,1500
12,30,79,0
82,10,66,3300
66,41,65,1300
53,26,70,1500
88,37,54,900
74,43,69,1300
35,26,62,3300
22,3,56,1400
89,13,57,1000
55,17,77,2000
37,43,50,3700
12,11,68,3100
31,4,66,2100
59,50,74,1000
85,45,50,3600
38,28,57,3400
45,38,79,1500
90,18,61,2900
107,45,55,1100
11,31,58,900
105,51,67,400
35,46,67,2500
101,19,58,4000
14,25,60,1000
40,40,71,1300
100,24,66,3600
88,25,52,700
108,50,56,1800
36,35,68,1000
21,52,52,300
95,6,50,3200
99,5,70,600
87,15,66,0
92,14,65,2700
46,39,67,500
59,48,57,2100
49,12,57,800
81,52,50,3000
97,27,78,3100
79,3,65,1100
17,18,73,4000
93,42,79,900
79,22,78,3600
76,21,57,2700
42,36,57,800
48,28,55,1900
99,31,74,2600
10,33,69,1500
46,41,67,1500
77,14,51,2000
67,46,61,100
12,37,53,1700
78,12,67,1000
16,49,68,2100
94,49,60,2900
49,27,62,2700
67,1,79,3200
15,26,79,3600
74,41,64,2300
76,19,55,2300
84,4,73,2900
99,41,69,3500
80,12,71,1700
85,33,79,1300
98,40,56,3200
59,15,53,3000
23,37,74,1600
66,17,60,3000
51,22,67,1400
30,13,53,2000
20,39,73,500
49,28,63,800
91,44,60,700
47,25,70,3100
71,38,55,2000
27,3,55,3900
81,49,80,300
65,11,67,700
47,20,79,2600
95,15,53,1400
72,15,72,1000
28,26,69,2400
103,11,67,1400
94,24,63,3800
47,47,65,3000
100,22,76,1400
48,47,78,1500
107,19,67,800
22,12,63,900
60,19,57,3900
98,1,80,1100
71,50,72,500
109,14,70,400
12,10,67,3900
43,30,51,2900
89,13,72,3000
92,26,73,3400
97,25,69,2200
105,31,55,3200
63,20,68,2600
39,23,74,1300
85,45,79,3600
72,21,67,1200
49,4,65,2700
41,25,61,3500
44,23,52,3200
14,30,72,3400
78,21,57,3300
61,36,65,3200
22,27,76,3800
61,25,68,1000
41,41,77,300
82,49,80,1100
39,44,63,300
97,23,50,1800
74,9,51,2800
98,23,71,3500
101,45,55,3500
11,41,54,2900
57,50,69,3200
99,6,56,1300
62,45,57,100
102,43,75,600
38,40,74,600
105,39,56,0
38,39,65,2200
43,45,63,0
88,8,63,900
82,1,54,100
40,41,61,3000
22,29,80,3200
107,40,57,1900
108,21,61,300
53,33,55,100
68,1,75,1500
46,31,67,400
108,3,68,4000
66,34,69,3900
86,12,60,3600
18,18,73,2300
85,25,66,2900
99,34,56,800
87,4,78,500
67,18,78,2800
72,6,67,3200
89,3,67,2100
14,16,67,1700
104,20,69,2400
109,21,53,3500
90,5,52,1200
24,33,60,1700
38,29,70,2700
25,39,63,2400
29,36,62,3300
16,13,72,1400
87,38,55,2500
37,48,77,3000
101,51,54,1800
98,25,50,1500
26,50,80,3700
57,30,73,1900
11,46,57,1500
10,52,78,4000
55,22,70,2100
29,39,63,1200
72,26,56,1500
104,22,53,3000
55,49,61,2800
70,47,67,3400
103,8,65,3100
60,25,50,1600
75,5,51,200
84,46,58,3100
25,26,65,3800
90,44,60,700
100,47,70,100
40,26,66,2000
27,4,52,100
92,22,62,3100
64,6,57,900
96,49,71,1800
44,25,64,2500
89,49,54,100
65,17,54,500
23,35,64,1300
72,32,66,2600
95,17,76,900
56,41,74,2800
33,49,78,2000
70,35,75,1400
82,45,51,900
91,34,71,300
28,24,75,400
91,10,73,4000
55,16,65,600
103,38,55,100
11,49,71,1700
104,50,80,1400
55,41,70,1700
23,4,50,1700
74,36,74,1600
29,12,53,2400
22,45,54,900
35,45,74,2100
47,22,52,3900
88,5,63,3300
80,39,56,200
50,43,54,2000
97,38,56,0
95,31,70,0
70,41,64,400
20,33,71,1300
28,48,74,3600
72,44,65,700
48,39,60,600
100,27,69,2200
80,10,60,300
94,42,65,600
71,19,52,1900
20,46,72,3700
19,19,70,3000
25,22,63,400
77,36,67,300
84,49,56,2800
59,25,67,3500
40,42,72,3700
15,21,69,2800
98,52,72,1500
38,29,72,3100
79,29,52,2600
56,24,70,600
62,20,79,1000
102,39,75,3900
89,46,77,1500
39,4,71,2600
67,49,63,100
101,38,80,3500
51,4,52,1300
69,29,52,1100
53,34,50,2700
85,11,76,2700
63,39,74,2700
49,20,79,2100
89,33,71,1900
48,51,69,2200
71,44,54,1900
61,24,71,0
35,41,57,1500
14,28,52,2300
68,32,50,2500
29,32,59,800
39,50,76,800
83,35,78,300
50,1,50,2200
28,29,74,2100
58,35,64,2100
25,11,61,1200
107,22,58,2000
43,14,58,500
105,45,75,3200
76,39,58,3900
89,45,78,1700
67,41,56,3500
32,20,70,600
43,27,66,1500
68,32,60,500
45,33,72,1300
25,25,72,300
44,43,60,3800
101,37,58,3100
94,44,68,2800
105,39,76,1000
14,42,66,3400
105,44,71,2200
50,27,61,600
49,49,56,200
92,31,67,2600
69,45,63,100
87,5,53,900
74,40,79,500
12,30,72,3400
68,7,51,1300
42,22,53,3800
62,35,67,3400
95,24,79,3700
107,29,66,2400
66,7,53,300
55,40,67,2000
83,18,60,3200
28,10,69,2700
104,2,76,1200
91,14,68,3200
80,43,71,2700
87,7,63,2200
66,48,73,1800
76,37,51,2200
99,23,63,900
86,41,53,2300
92,35,69,1400
88,5,71,1600
42,32,62,3500
28,47,56,2700
59,51,62,3800
90,4,78,2300
100,15,66,3600
98,19,60,4000
28,18,68,3100
77,26,66,900
105,49,51,1900
26,21,79,2500
64,46,58,1400
46,25,64,3100
39,46,79,1200
93,37,66,2100
42,37,66,2600
37,31,62,500
14,44,73,800
107,45,50,1700
43,34,57,2500
27,28,50,600
103,35,54,1600
68,10,66,3900
102,23,55,2000
96,41,65,3300
68,46,79,2300
28,27,71,2100
109,32,73,2200
72,16,55,500
17,16,80,1300
76,32,55,2900
28,33,65,2500
59,27,52,2400
78,50,57,100
86,39,65,2400
98,3,77,400
40,38,59,3700
88,44,69,3900
87,43,63,3500
83,39,51,3300
108,52,54,1200
74,40,66,700
89,33,60,4000
84,26,77,900
89,25,50,2200
76,15,67,1800
106,15,52,3900
87,29,65,0
109,9,76,2900
51,47,56,1000
17,8,67,1300
81,26,70,100
40,12,50,800
60,35,55,100
46,27,74,2000
109,20,55,300
19,43,66,2100
106,18,61,3000
98,7,76,300
80,45,53,3200
93,34,74,200
101,4,62,2300
74,45,69,1600
85,26,79,600
57,42,53,700
42,26,73,4000
50,48,55,1800
17,15,51,100
29,34,54,2800
21,45,66,3400
93,6,60,2500
41,52,74,1200
99,1,71,2100
74,36,69,3800
15,14,72,3400
43,40,74,300
58,5,80,1400
106,10,63,4000
51,40,76,2600
22,22,59,1600
74,49,69,2500
24,46,51,100
40,43,50,2000
83,36,80,100
75,21,77,1900
79,15,64,400
99,1,74,1000
81,7,71,3900
52,14,63,2000
46,50,58,600
81,17,80,2300
75,23,55,1000
73,29,51,2300
83,45,64,500
11,16,53,2200
73,21,74,2800
106,26,51,300
31,22,53,3900
98,49,50,1500
14,41,72,3100
20,41,55,3000
80,16,77,700
64,3,65,3700
87,45,57,500
96,12,53,2000
21,21,74,700
109,6,54,2300
41,8,72,400
99,52,69,200
21,6,52,3300
103,9,79,1000
76,45,77,100
104,31,73,3200
35,2,70,3900
80,9,79,1400
18,23,63,2100
68,21,59,300
46,20,55,1400
59,26,61,1700
88,6,78,1000
79,24,79,3000
105,11,72,0
97,51,59,1700
108,33,69,2200
106,49,59,3300
35,35,66,3000
102,37,62,800
41,7,50,3700
27,13,68,100
77,33,74,500
70,11,51,2900
90,1,61,3800
61,48,50,1400
94,40,76,3400
41,38,76,3600
53,34,75,300
62,10,66,1000
14,27,70,2100
109,16,71,3400
91,32,75,1000
58,24,69,800
33,30,73,2400
66,5,57,2600
84,34,62,1300
51,25,79,3800
60,32,64,400
107,41,55,3400
90,52,50,3400
36,25,80,3000
81,12,51,500
56,31,70,3000
106,34,56,0
88,19,69,3800
105,43,50,1100
36,18,65,2100
17,42,73,3100
66,17,76,3000
106,35,59,1100
108,18,72,3100
37,36,55,200
80,11,56,2800
70,15,56,1600
12,16,70,1900
92,31,74,400
33,11,59,3100
99,49,55,1000
30,27,70,2600
16,8,58,2600
42,25,80,3100
92,21,54,100
96,39,73,3700
78,5,60,2300
10,40,80,2300
62,32,67,300
76,49,72,700
86,30,60,100
36,31,50,1100
57,29,73,800
40,47,51,3000
96,36,59,300
101,41,78,500
47,30,76,3600
55,8,75,1000
63,43,73,3400
29,31,54,3100
24,38,53,3800
16,10,69,1600
85,21,63,1500
53,33,52,3800
91,6,78,2800
99,36,55,400
94,5,77,2900
58,30,55,2200
89,12,66,2200
11,9,61,3600
41,8,75,1500
27,42,66,3600
83,16,80,3600
82,3,64,100
43,26,71,1600
51,43,52,100
104,30,54,700
23,46,52,2600
93,9,68,1400
29,12,76,1300
94,32,71,100
19,31,50,2500
57,29,57,500
85,44,54,3500
13,29,57,3600
17,17,61,1900
80,32,65,1200
29,31,75,2600
73,5,70,1800
15,36,58,600
102,46,61,1500
30,8,54,3600
58,52,57,0
54,25,64,4000
61,35,79,300
80,21,63,1100
33,12,52,3900
38,7,74,3000
57,29,50,2300
62,46,55,2800
60,5,77,1900
71,2,53,2100
106,42,69,3400
99,18,70,1700
38,22,58,1700
52,19,76,3800
91,47,72,500
82,12,64,1200
29,36,58,1700
25,38,54,2100
28,15,80,2100
45,21,74,800
44,39,79,1900
65,9,58,3200
14,24,65,200
13,19,71,400
101,6,67,1200
108,22,69,1000
86,51,68,3800
15,28,61,2400
32,5,65,2900
57,5,77,400
22,3,72,3500
61,27,69,3000
32,33,62,1200
99,9,76,1500
36,46,69,2900
44,13,67,100
70,23,67,1100
68,13,70,600
77,8,53,0
43,43,66,500
98,16,57,3700
34,15,57,100
17,22,73,2400
44,50,80,2500
41,52,55,1200
13,37,80,1100
62,8,71,1800
102,48,62,2000
70,18,64,3400
13,35,74,600
90,16,70,700
59,44,52,1000
50,31,62,2100
76,27,74,1600
81,28,59,3500
43,8,76,1900
96,14,57,2500
85,14,77,3700
104,15,63,2000
19,1,59,2300
100,4,75,2100
48,28,73,2800
90,21,51,3300
52,47,79,0
82,41,53,800
33,17,63,400
53,7,61,3800
89,24,64,3900
41,26,55,3600
107,21,58,1600
106,50,67,2800
51,11,74,1900
76,51,61,4000
69,12,62,1400
97,52,70,3100
30,7,68,2900
108,47,55,600
54,21,63,800
79,30,67,3300
12,1,72,1100
48,16,69,2900
44,36,51,2600
36,42,55,1200
51,5,73,1100
81,4,71,3600
29,34,65,3600
54,13,56,2400
82,52,57,900
20,34,80,600
91,12,65,500
108,5,63,600
49,5,76,600
39,38,69,100
55,43,54,3000
53,34,55,100
39,39,62,4000
95,13,72,3200
28,28,54,1200
81,11,61,1100
28,13,50,2800
45,38,76,2100
39,42,63,2900
47,50,77,600
102,28,57,2100
26,36,52,2900
13,31,69,3800
19,41,50,1200
39,10,58,1700
19,8,62,3600
12,26,58,700
102,40,52,3500
14,52,51,3900
54,40,60,2500
50,17,65,1700
101,14,50,1400
45,17,57,3500
41,29,59,2300
51,24,51,2800
99,18,75,600
69,12,51,1400
99,2,57,300
109,49,74,3600
35,52,56,3900
84,30,50,3100
59,24,80,2400
58,32,54,2600
13,27,52,1300
46,9,70,700
53,50,68,2800
90,45,78,3100
43,3,66,1800
59,14,60,2700
42,2,58,1100
49,27,66,3100
64,13,53,2600
14,23,80,2800
29,39,65,400
40,33,54,3200
80,10,72,200
16,10,58,3100
32,32,70,1500
104,41,76,3500
70,52,60,2800
109,17,80,600
25,36,70,1700
96,44,66,1400
47,9,70,700
66,38,59,2000
11,1,72,2000
69,42,62,1800
66,27,77,400
33,16,52,2000
73,6,54,1100
34,27,52,400
54,46,77,1800
47,39,58,3700
35,26,67,2600
93,21,68,1200
100,43,55,1900
109,9,53,900
85,43,64,1200
79,51,72,600
86,40,61,1900
94,19,66,1300
100,17,71,700
15,1,80,200
70,43,69,1500
23,15,63,2500
19,20,78,2300
36,14,71,3500
84,11,60,700
103,44,58,2000
75,15,62,2100
75,4,53,3900
40,19,77,3600
98,34,73,2400
101,17,61,300
35,16,65,0
59,35,68,3400
48,4,59,300
23,3,57,3400
19,29,57,1200
62,50,58,2000
34,20,69,300
80,43,63,2400
10,42,78,1000
59,26,76,1100
45,49,61,2500
64,16,53,2100
11,14,55,3700
43,51,69,100
59,41,52,300
95,10,54,2400
55,23,60,1300
13,43,64,3900
78,10,71,3400
33,51,71,1200
24,10,74,100
101,36,54,500
105,9,61,3800
14,31,76,0
64,5,56,1700
31,8,73,300
36,35,79,0
73,38,75,500
85,8,66,3200
65,25,78,3500
12,21,51,2400
66,19,58,2200
101,35,60,2800
31,4,78,3900
87,38,51,2700
43,52,78,3100
98,38,74,1600
86,25,75,1300
56,4,77,1100
26,44,63,800
60,39,79,800
62,22,66,0
58,20,59,1600
56,43,62,2900
61,46,58,1700
86,11,80,1500
18,13,72,1900
104,14,54,3800
61,9,52,3700
12,19,77,200
13,3,55,1600
47,1,56,3300
107,2,58,2600
105,48,56,2800
96,35,65,2900
81,25,78,3300
42,24,69,1300
77,42,66,2900
11,7,62,2600
29,17,67,3100
55,10,79,2500
70,50,55,2000
23,10,68,700
79,22,63,600
69,1,73,3200
97,3,68,4000
52,44,65,1600
22,34,50,1400
69,10,74,1300
75,46,64,2300
85,30,59,3400
47,47,58,1000
46,1,70,600
68,25,68,1500
79,50,64,3600
53,40,53,2600
41,30,67,3600
39,4,65,2500
83,23,65,2600
82,34,74,0
36,37,59,1000
79,34,51,1600
36,47,53,800
107,40,63,2900
42,49,78,1700
87,33,68,2800
101,7,59,1300
52,2,66,2900
70,31,80,700
106,34,51,2700
51,38,71,100
91,52,55,3700
74,35,66,3200
102,12,66,800
59,21,51,1800
67,17,76,2700
68,16,58,200
79,2,54,600
13,12,50,1600
17,3,67,1100
73,23,65,3800
47,18,80,1700
85,18,62,3700
44,41,53,100
27,46,67,1100
52,6,56,600
15,6,53,0
19,5,79,2300
71,7,76,2100
109,20,72,400
109,26,56,1200
51,33,54,300
38,35,51,1600
28,16,78,1100
59,44,58,600
90,10,71,1400
45,24,57,2400
27,17,72,3500
83,10,66,1800
60,33,63,900
105,12,69,1600
72,34,60,300
40,47,50,1100
18,21,80,1300
51,48,53,400
56,49,57,200
90,11,50,2900
57,47,55,1600
93,8,62,2800
88,49,50,700
14,30,72,900
43,15,60,3300
107,15,80,2800
77,32,50,1900
58,38,78,100
50,41,78,1300
37,39,69,1800
75,32,58,2400
54,11,73,4000
103,28,57,1100
13,32,66,3700
55,45,76,2800
56,6,57,1000
23,12,53,2900
47,21,68,3800
46,21,69,900
32,44,59,400
42,22,77,1300
69,2,69,2400
78,25,78,2100
100,7,79,100
49,41,68,2900
50,39,78,600
18,11,61,3700
44,5,51,500
52,25,79,2900
31,37,67,2100
62,50,71,1500
38,23,56,2000
54,50,76,2200
84,38,54,0
94,49,70,0
47,2,55,2400
28,17,61,1200
87,43,52,2900
72,43,63,3000
48,32,76,1300
17,5,79,2700
51,48,62,0
42,3,74,900
99,18,72,2700
101,27,52,700
80,30,72,1600
100,21,51,3200
51,8,71,1900
98,14,78,1900
69,9,70,1600
32,32,63,1800
31,36,76,900
107,47,64,200
27,22,61,2000
22,6,75,800
50,13,51,1100
18,30,80,1500
59,37,71,3900
82,37,69,1700
44,40,74,2700
59,6,80,2300
56,33,74,900
33,21,58,3500
27,36,50,2900
55,2,68,2200
81,49,73,1500
98,39,51,1800
83,31,69,1800
61,33,80,900
37,26,68,1700
41,41,66,3800
43,12,66,1800
38,41,55,2300
41,34,69,2400
47,38,59,0
23,45,70,2500
11,13,74,3500
44,16,77,2400
44,50,70,1200
68,34,50,900
104,50,66,1100
12,52,53,2800
80,9,69,2500
40,25,51,2000
98,48,57,2300
85,52,53,3000
74,43,61,600
27,31,72,1300
49,12,71,3800
50,14,59,1300
15,47,58,400
70,18,74,1400
93,24,77,3200
68,3,56,700
76,33,68,2300
37,13,66,1200
106,7,66,3300
44,30,71,3300
78,23,80,2500
60,50,50,1200
82,5,56,3200
104,2,61,2200
16,8,60,3400
13,30,64,700
58,48,74,700
84,27,62,3300
101,44,60,2900
81,28,80,2200
18,35,68,2100
65,29,52,2300
66,47,52,2900
58,52,66,2500
44,15,56,600
63,16,57,1100
18,20,70,1400
102,17,50,3100
30,35,51,2800
103,10,63,2400
19,17,57,1600
21,12,80,500
108,51,66,2700
95,52,68,3000
98,5,57,2100
19,45,55,1900
88,48,51,700
45,25,69,2500
85,21,73,2700
54,33,76,1800
25,9,73,500
107,31,72,100
84,46,52,2100
68,48,72,700
76,4,79,100
96,43,50,2400
26,26,67,2900
11,45,55,3900
85,39,57,2400
38,39,65,1600
15,35,79,2300
83,3,79,2500
62,48,59,2400
26,19,58,2800
19,46,74,3900
30,15,70,4000
74,39,68,2200
38,9,50,2800
45,44,71,3700
40,52,66,2800
57,10,60,200
43,12,55,700
16,5,65,2100
83,21,57,2600
74,9,65,1500
60,42,70,1100
21,41,68,1300
53,42,70,100
59,25,60,2700
34,36,73,700
37,5,61,2800
21,4,54,1900
78,41,66,900
59,24,60,4000
16,40,66,3000
57,44,77,2000
11,50,78,1800
104,23,75,3700
87,32,77,3600
76,11,62,3400
20,15,70,2600
104,45,79,3900
54,31,50,800
100,35,57,900
100,12,56,2600
36,28,79,3400
